               epoch,      train/box_loss,      train/obj_loss,      train/cls_loss,   metrics/precision,      metrics/recall,     metrics/mAP_0.5,metrics/mAP_0.5:0.95,        val/box_loss,        val/obj_loss,        val/cls_loss,               x/lr0,               x/lr1,               x/lr2
                   0,             0.11844,            0.062075,                   0,            0.047061,            0.025478,            0.016539,           0.0032716,             0.10644,            0.065048,                   0,              0.0874,              0.0014,              0.0014
                   1,             0.10054,            0.068951,                   0,             0.13181,             0.33758,             0.10587,            0.024294,            0.094103,            0.059639,                   0,             0.07389,           0.0028904,           0.0028904
                   2,            0.086364,            0.056885,                   0,             0.21324,             0.36306,             0.16673,            0.043341,            0.085514,            0.067482,                   0,            0.060371,            0.004371,            0.004371
                   3,            0.080404,            0.049884,                   0,             0.22331,             0.61783,             0.23611,            0.073659,            0.088826,            0.049377,                   0,            0.046842,           0.0058416,           0.0058416
                   4,            0.081748,            0.045228,                   0,             0.10023,             0.80255,             0.10623,            0.032326,            0.086748,            0.046005,                   0,            0.033302,           0.0073023,           0.0073023
                   5,            0.078339,            0.043807,                   0,             0.13015,             0.52229,              0.1417,            0.045713,            0.087663,            0.048218,                   0,            0.019753,           0.0087532,           0.0087532
                   6,             0.08072,            0.042105,                   0,             0.38853,              0.6879,             0.41771,             0.16277,            0.078639,            0.040924,                   0,            0.009802,            0.009802,            0.009802
                   7,                0.07,            0.044694,                   0,             0.59321,             0.63161,             0.65994,             0.21839,            0.064635,            0.041275,                   0,            0.009802,            0.009802,            0.009802
                   8,            0.065195,            0.043901,                   0,              0.1541,             0.84076,             0.16916,            0.081752,            0.076338,            0.066154,                   0,            0.009769,            0.009769,            0.009769
                   9,             0.05947,             0.04083,                   0,             0.36269,             0.70323,             0.47321,             0.20398,            0.066371,            0.040367,                   0,            0.009736,            0.009736,            0.009736
                  10,            0.055593,            0.040734,                   0,             0.46554,             0.73235,              0.5657,             0.22335,            0.057546,            0.046074,                   0,            0.009703,            0.009703,            0.009703
                  11,            0.052229,            0.037162,                   0,             0.47934,             0.78344,             0.57746,             0.27578,            0.051901,            0.044121,                   0,             0.00967,             0.00967,             0.00967
                  12,            0.049074,            0.041487,                   0,             0.74953,             0.84076,             0.85636,             0.44933,            0.046298,            0.042572,                   0,            0.009637,            0.009637,            0.009637
                  13,            0.047454,            0.039887,                   0,             0.83419,              0.8535,             0.90679,             0.53501,            0.040257,            0.040321,                   0,            0.009604,            0.009604,            0.009604
                  14,            0.047896,            0.041211,                   0,             0.84659,              0.8535,             0.91561,             0.40652,            0.048366,            0.037239,                   0,            0.009571,            0.009571,            0.009571
                  15,            0.043437,            0.039295,                   0,             0.63712,             0.90446,             0.73127,             0.37432,            0.049254,            0.039459,                   0,            0.009538,            0.009538,            0.009538
                  16,            0.045355,            0.038534,                   0,             0.93011,             0.93238,             0.97774,             0.51284,            0.034662,             0.03595,                   0,            0.009505,            0.009505,            0.009505
                  17,            0.039063,            0.038626,                   0,             0.67868,             0.87445,              0.8257,             0.42032,            0.041599,            0.038101,                   0,            0.009472,            0.009472,            0.009472
                  18,            0.040151,            0.039166,                   0,             0.86824,             0.92994,             0.97298,             0.57937,            0.035893,            0.034248,                   0,            0.009439,            0.009439,            0.009439
                  19,            0.039088,            0.037565,                   0,             0.86217,             0.94904,             0.95857,             0.51481,            0.040752,            0.035805,                   0,            0.009406,            0.009406,            0.009406
                  20,            0.040087,            0.039059,                   0,             0.89758,             0.95541,             0.96871,             0.61149,            0.031768,            0.035767,                   0,            0.009373,            0.009373,            0.009373
                  21,            0.037843,            0.036163,                   0,             0.76163,             0.92357,             0.88945,             0.55483,            0.036582,            0.038483,                   0,             0.00934,             0.00934,             0.00934
                  22,            0.037956,            0.038372,                   0,             0.82763,             0.94904,             0.92125,             0.50922,             0.04129,            0.043785,                   0,            0.009307,            0.009307,            0.009307
                  23,            0.037754,              0.0369,                   0,             0.80882,             0.97009,             0.93414,             0.57103,            0.037346,            0.038216,                   0,            0.009274,            0.009274,            0.009274
                  24,             0.03685,            0.036195,                   0,             0.88436,             0.96178,             0.96292,             0.61227,             0.03029,            0.036209,                   0,            0.009241,            0.009241,            0.009241
                  25,            0.038168,            0.038685,                   0,             0.87723,             0.95541,               0.947,             0.62113,            0.030331,            0.037399,                   0,            0.009208,            0.009208,            0.009208
                  26,            0.034702,            0.035836,                   0,             0.88429,             0.90446,             0.96202,             0.57242,            0.041268,            0.036217,                   0,            0.009175,            0.009175,            0.009175
                  27,            0.036154,            0.034952,                   0,             0.85383,             0.93014,             0.95748,             0.62758,            0.029725,            0.035217,                   0,            0.009142,            0.009142,            0.009142
                  28,            0.034259,            0.036763,                   0,             0.90961,             0.89172,              0.9622,             0.68024,             0.02688,            0.036003,                   0,            0.009109,            0.009109,            0.009109
                  29,            0.035644,            0.035942,                   0,              0.8971,             0.91083,             0.96369,             0.62708,            0.031279,            0.037102,                   0,            0.009076,            0.009076,            0.009076
                  30,            0.033994,            0.035361,                   0,             0.85018,             0.95541,             0.95726,             0.56567,            0.040128,            0.036697,                   0,            0.009043,            0.009043,            0.009043
                  31,            0.036012,            0.035531,                   0,             0.90776,             0.92357,             0.96215,              0.6364,            0.031232,            0.036423,                   0,             0.00901,             0.00901,             0.00901
                  32,            0.034829,            0.037325,                   0,             0.89267,             0.89172,              0.9576,              0.6471,            0.028824,            0.036598,                   0,            0.008977,            0.008977,            0.008977
                  33,            0.034073,            0.034594,                   0,             0.85271,             0.92994,             0.96392,              0.5999,            0.030743,            0.035957,                   0,            0.008944,            0.008944,            0.008944
                  34,            0.031314,            0.034408,                   0,             0.89822,             0.89809,              0.9583,             0.56111,            0.036107,            0.036613,                   0,            0.008911,            0.008911,            0.008911
                  35,            0.034457,            0.036238,                   0,             0.89377,             0.92994,              0.9694,             0.56452,              0.0352,            0.037025,                   0,            0.008878,            0.008878,            0.008878
                  36,            0.032758,             0.03436,                   0,             0.91304,             0.89172,             0.95616,             0.68954,             0.02522,            0.035805,                   0,            0.008845,            0.008845,            0.008845
                  37,            0.033843,            0.033105,                   0,             0.78244,              0.7707,             0.88828,              0.6085,            0.035319,            0.038025,                   0,            0.008812,            0.008812,            0.008812
                  38,            0.032306,            0.032089,                   0,             0.86674,             0.91139,             0.96299,             0.67105,            0.028032,            0.034264,                   0,            0.008779,            0.008779,            0.008779
                  39,            0.031314,            0.034827,                   0,             0.91695,             0.93631,             0.96623,             0.60982,            0.034008,            0.035301,                   0,            0.008746,            0.008746,            0.008746
                  40,            0.032436,            0.034412,                   0,              0.9136,             0.92994,               0.967,             0.68529,            0.022987,            0.033287,                   0,            0.008713,            0.008713,            0.008713
                  41,            0.031411,            0.034462,                   0,             0.90552,             0.93631,             0.96673,             0.61992,            0.033408,            0.034164,                   0,             0.00868,             0.00868,             0.00868
                  42,            0.031892,            0.033425,                   0,             0.90756,             0.93801,             0.97249,              0.6248,            0.030283,            0.034332,                   0,            0.008647,            0.008647,            0.008647
                  43,            0.030502,            0.033792,                   0,              0.8737,             0.99363,             0.97918,             0.65659,            0.030756,            0.034065,                   0,            0.008614,            0.008614,            0.008614
                  44,            0.031687,            0.030965,                   0,             0.91696,              0.9143,             0.97409,             0.71035,            0.022076,            0.032593,                   0,            0.008581,            0.008581,            0.008581
                  45,            0.030951,             0.03268,                   0,              0.9131,             0.93695,             0.97549,             0.63655,            0.029879,            0.034775,                   0,            0.008548,            0.008548,            0.008548
                  46,            0.030021,            0.034164,                   0,             0.89683,             0.93631,             0.97706,             0.63913,             0.02946,            0.034027,                   0,            0.008515,            0.008515,            0.008515
                  47,            0.030571,            0.032667,                   0,             0.92329,             0.97452,             0.97318,             0.65382,            0.028788,            0.034447,                   0,            0.008482,            0.008482,            0.008482
                  48,            0.029587,            0.032702,                   0,             0.87198,             0.94268,             0.96629,             0.70652,            0.023441,            0.035583,                   0,            0.008449,            0.008449,            0.008449
                  49,            0.029172,            0.033431,                   0,             0.89215,              0.9172,             0.96624,             0.68341,            0.027542,            0.035286,                   0,            0.008416,            0.008416,            0.008416
                  50,             0.02773,            0.033722,                   0,             0.89149,             0.94904,                0.98,             0.66508,            0.025226,            0.032593,                   0,            0.008383,            0.008383,            0.008383
                  51,            0.029375,            0.032524,                   0,             0.90903,             0.95473,             0.97105,             0.62842,            0.028465,            0.033684,                   0,             0.00835,             0.00835,             0.00835
                  52,            0.029542,            0.032413,                   0,             0.93913,             0.89172,             0.96342,             0.69172,            0.023712,            0.033386,                   0,            0.008317,            0.008317,            0.008317
                  53,            0.030245,             0.03104,                   0,             0.86963,             0.97719,             0.96233,              0.5895,            0.033324,            0.034027,                   0,            0.008284,            0.008284,            0.008284
                  54,            0.028315,            0.033109,                   0,             0.88092,             0.96178,             0.97461,             0.69245,            0.026206,            0.033867,                   0,            0.008251,            0.008251,            0.008251
                  55,            0.029269,            0.034341,                   0,             0.89289,             0.95572,             0.97776,             0.74404,            0.021819,            0.031677,                   0,            0.008218,            0.008218,            0.008218
                  56,            0.028379,            0.030389,                   0,             0.92248,             0.93631,             0.98235,             0.65939,            0.027394,            0.032806,                   0,            0.008185,            0.008185,            0.008185
                  57,            0.029038,            0.030813,                   0,             0.93635,             0.92357,             0.97929,             0.68633,            0.025733,            0.033394,                   0,            0.008152,            0.008152,            0.008152
                  58,            0.028199,            0.030296,                   0,             0.91512,             0.89172,             0.96497,             0.69781,            0.022331,            0.036072,                   0,            0.008119,            0.008119,            0.008119
                  59,            0.029187,             0.03279,                   0,             0.91443,             0.89809,             0.96625,              0.7267,            0.020679,            0.034489,                   0,            0.008086,            0.008086,            0.008086
                  60,            0.028773,            0.030424,                   0,             0.93387,             0.89941,             0.96637,             0.66108,            0.026584,              0.0355,                   0,            0.008053,            0.008053,            0.008053
                  61,             0.02707,            0.030899,                   0,             0.93433,             0.88535,             0.96138,              0.6852,            0.024328,            0.035858,                   0,             0.00802,             0.00802,             0.00802
                  62,            0.025474,            0.029624,                   0,             0.95296,             0.87898,             0.97024,             0.69307,            0.022156,            0.034637,                   0,            0.007987,            0.007987,            0.007987
                  63,            0.026326,            0.030884,                   0,             0.95273,             0.89866,             0.97436,             0.70802,            0.023208,            0.034851,                   0,            0.007954,            0.007954,            0.007954
                  64,              0.0274,            0.032745,                   0,             0.94569,             0.88726,             0.96997,              0.6748,            0.024693,            0.036079,                   0,            0.007921,            0.007921,            0.007921
                  65,            0.026417,            0.030382,                   0,             0.93517,             0.91882,             0.97254,             0.69772,            0.024681,            0.033276,                   0,            0.007888,            0.007888,            0.007888
                  66,            0.023949,            0.031657,                   0,             0.91129,             0.93631,             0.97228,             0.69781,            0.022879,            0.033333,                   0,            0.007855,            0.007855,            0.007855
                  67,            0.024436,            0.030568,                   0,             0.94436,             0.88535,             0.97304,              0.7167,             0.02345,            0.033112,                   0,            0.007822,            0.007822,            0.007822
                  68,            0.027345,            0.030694,                   0,             0.92502,             0.90446,             0.97453,             0.65591,            0.026612,            0.034386,                   0,            0.007789,            0.007789,            0.007789
                  69,            0.027529,            0.031971,                   0,             0.89332,             0.96005,             0.97657,             0.73732,            0.022261,            0.032795,                   0,            0.007756,            0.007756,            0.007756
                  70,             0.02576,            0.031155,                   0,              0.8818,             0.95039,             0.96528,             0.68553,            0.024191,            0.035721,                   0,            0.007723,            0.007723,            0.007723
                  71,            0.026503,            0.030414,                   0,             0.91236,             0.92837,             0.97469,             0.70068,            0.024662,            0.033203,                   0,             0.00769,             0.00769,             0.00769
                  72,            0.027335,            0.028687,                   0,             0.93988,             0.89623,             0.96787,             0.70574,            0.022521,            0.035591,                   0,            0.007657,            0.007657,            0.007657
                  73,            0.027013,              0.0306,                   0,             0.89415,              0.9685,             0.97379,             0.59561,            0.029885,            0.034042,                   0,            0.007624,            0.007624,            0.007624
                  74,             0.02429,            0.027948,                   0,             0.91126,              0.9172,             0.96967,              0.6606,            0.025093,            0.034943,                   0,            0.007591,            0.007591,            0.007591
                  75,            0.025184,             0.03053,                   0,             0.87051,             0.93631,              0.9696,             0.61734,             0.03103,            0.036285,                   0,            0.007558,            0.007558,            0.007558
                  76,            0.026676,            0.030721,                   0,             0.87844,             0.94268,             0.96744,             0.72352,            0.021313,            0.035683,                   0,            0.007525,            0.007525,            0.007525
                  77,            0.025625,            0.031111,                   0,             0.92402,              0.9172,             0.97418,             0.65037,            0.027033,            0.035301,                   0,            0.007492,            0.007492,            0.007492
                  78,            0.024871,            0.031016,                   0,             0.91475,             0.91083,             0.96548,             0.64855,            0.025722,            0.036133,                   0,            0.007459,            0.007459,            0.007459
                  79,            0.024323,             0.02937,                   0,             0.91461,             0.90446,             0.96331,             0.65866,            0.025849,            0.037247,                   0,            0.007426,            0.007426,            0.007426
                  80,            0.025689,             0.03006,                   0,             0.90667,             0.93631,             0.96888,             0.71846,            0.021769,            0.034401,                   0,            0.007393,            0.007393,            0.007393
                  81,            0.026608,             0.02842,                   0,             0.95945,             0.88535,             0.96493,             0.68326,            0.024945,            0.037773,                   0,             0.00736,             0.00736,             0.00736
                  82,            0.024743,            0.028924,                   0,             0.92784,             0.93631,             0.98096,               0.728,            0.022171,            0.031231,                   0,            0.007327,            0.007327,            0.007327
                  83,            0.025368,            0.029832,                   0,             0.88526,             0.93631,             0.96712,             0.62224,            0.028078,            0.037285,                   0,            0.007294,            0.007294,            0.007294
                  84,            0.025603,            0.029804,                   0,             0.88655,             0.94904,             0.95663,             0.71173,            0.022659,            0.037598,                   0,            0.007261,            0.007261,            0.007261
                  85,            0.025673,            0.029232,                   0,             0.91216,             0.95541,             0.96665,             0.63827,            0.026678,            0.033562,                   0,            0.007228,            0.007228,            0.007228
                  86,            0.023884,            0.028966,                   0,             0.90716,             0.93352,             0.96016,             0.69096,            0.022528,            0.035988,                   0,            0.007195,            0.007195,            0.007195
                  87,            0.023233,            0.028763,                   0,             0.92381,             0.93631,             0.96978,              0.7291,            0.020868,            0.033653,                   0,            0.007162,            0.007162,            0.007162
                  88,            0.024191,            0.029039,                   0,             0.95987,              0.9142,             0.97391,             0.70261,            0.023305,            0.034554,                   0,            0.007129,            0.007129,            0.007129
                  89,            0.024145,            0.029041,                   0,             0.95905,             0.89498,             0.97232,             0.71543,            0.021375,            0.034203,                   0,            0.007096,            0.007096,            0.007096
                  90,            0.022738,            0.029389,                   0,             0.94121,             0.91777,             0.97675,             0.72822,            0.021986,            0.033436,                   0,            0.007063,            0.007063,            0.007063
                  91,            0.023424,            0.029272,                   0,             0.88909,             0.91909,             0.95987,             0.72828,            0.020939,            0.037148,                   0,             0.00703,             0.00703,             0.00703
                  92,            0.023546,              0.0295,                   0,             0.91138,              0.9172,             0.96763,             0.68534,            0.023778,            0.034348,                   0,            0.006997,            0.006997,            0.006997
                  93,            0.024403,            0.029053,                   0,             0.90202,             0.92994,             0.96211,             0.68363,             0.02334,            0.035828,                   0,            0.006964,            0.006964,            0.006964
                  94,            0.022933,            0.029812,                   0,             0.87595,             0.93631,             0.95821,             0.68101,            0.023144,            0.037582,                   0,            0.006931,            0.006931,            0.006931
                  95,            0.024823,            0.028874,                   0,             0.88572,               0.938,             0.96396,             0.69597,            0.023903,            0.036942,                   0,            0.006898,            0.006898,            0.006898
                  96,            0.023801,            0.030715,                   0,             0.91067,             0.90912,             0.96122,             0.73456,             0.02031,            0.036148,                   0,            0.006865,            0.006865,            0.006865
                  97,            0.024201,            0.028888,                   0,             0.88674,             0.93631,             0.97104,              0.6989,            0.024813,            0.035042,                   0,            0.006832,            0.006832,            0.006832
                  98,            0.023306,            0.030089,                   0,             0.86187,             0.95541,              0.9678,              0.7088,            0.023101,            0.035866,                   0,            0.006799,            0.006799,            0.006799
                  99,            0.024828,            0.028852,                   0,             0.90088,              0.9172,             0.96835,             0.68457,            0.024183,             0.03495,                   0,            0.006766,            0.006766,            0.006766
                 100,            0.024813,             0.02986,                   0,             0.92835,             0.90776,              0.9733,             0.73037,             0.02059,             0.03389,                   0,            0.006733,            0.006733,            0.006733
                 101,             0.02293,            0.027835,                   0,             0.88145,             0.94716,             0.97523,             0.75023,            0.020485,             0.03352,                   0,              0.0067,              0.0067,              0.0067
                 102,            0.020746,            0.026804,                   0,             0.88552,             0.94268,             0.97793,             0.74558,            0.019831,            0.034073,                   0,            0.006667,            0.006667,            0.006667
                 103,            0.023295,            0.027558,                   0,               0.875,             0.93629,             0.96116,             0.73529,            0.019532,              0.0383,                   0,            0.006634,            0.006634,            0.006634
                 104,            0.023451,            0.025738,                   0,             0.88133,             0.94904,             0.97265,             0.70458,            0.023192,             0.03566,                   0,            0.006601,            0.006601,            0.006601
                 105,            0.022826,            0.027694,                   0,             0.85886,             0.96897,             0.97295,             0.74968,            0.020999,            0.033787,                   0,            0.006568,            0.006568,            0.006568
                 106,             0.02185,            0.027222,                   0,             0.90267,             0.88605,             0.95907,             0.71351,            0.022292,            0.037018,                   0,            0.006535,            0.006535,            0.006535
                 107,            0.022873,            0.028349,                   0,             0.94362,             0.88535,             0.96155,             0.74615,            0.020279,            0.035679,                   0,            0.006502,            0.006502,            0.006502
                 108,            0.022687,            0.028151,                   0,             0.90021,             0.92994,             0.96808,              0.7012,            0.023768,            0.035141,                   0,            0.006469,            0.006469,            0.006469
                 109,              0.0231,            0.028473,                   0,              0.8982,             0.92357,             0.96364,             0.72548,            0.020266,            0.034184,                   0,            0.006436,            0.006436,            0.006436
                 110,            0.021854,            0.026977,                   0,             0.92275,             0.91302,             0.96564,             0.71712,            0.021914,            0.035576,                   0,            0.006403,            0.006403,            0.006403
                 111,            0.022035,            0.027612,                   0,             0.89083,             0.93557,              0.9693,             0.72678,             0.02072,            0.035027,                   0,             0.00637,             0.00637,             0.00637
                 112,            0.022538,            0.027552,                   0,             0.88876,             0.95541,             0.97528,             0.73848,             0.02001,            0.032669,                   0,            0.006337,            0.006337,            0.006337
                 113,            0.022323,            0.027513,                   0,             0.89617,             0.94268,             0.97093,             0.73508,            0.020074,            0.032402,                   0,            0.006304,            0.006304,            0.006304
                 114,            0.023468,            0.028305,                   0,             0.88121,             0.99222,             0.97014,             0.69616,            0.023506,            0.031555,                   0,            0.006271,            0.006271,            0.006271
                 115,            0.022659,            0.026524,                   0,             0.88164,             0.94893,             0.96331,             0.74646,            0.018971,            0.033531,                   0,            0.006238,            0.006238,            0.006238
                 116,            0.022076,            0.027388,                   0,             0.87791,             0.96177,              0.9597,             0.69496,            0.021762,            0.033714,                   0,            0.006205,            0.006205,            0.006205
                 117,            0.022565,            0.029814,                   0,             0.88549,             0.93631,             0.95941,             0.73424,             0.02018,            0.034554,                   0,            0.006172,            0.006172,            0.006172
                 118,             0.02061,            0.028452,                   0,             0.90081,             0.92553,             0.97572,             0.70664,            0.023986,            0.034653,                   0,            0.006139,            0.006139,            0.006139
                 119,            0.021369,            0.026356,                   0,             0.89037,             0.93118,             0.97244,             0.72258,            0.022453,            0.034405,                   0,            0.006106,            0.006106,            0.006106
                 120,            0.023329,            0.027522,                   0,             0.87715,             0.94904,             0.96393,             0.73471,            0.019466,            0.035034,                   0,            0.006073,            0.006073,            0.006073
                 121,            0.021302,            0.027216,                   0,             0.90192,             0.94904,             0.96377,             0.69698,            0.022853,            0.035805,                   0,             0.00604,             0.00604,             0.00604
                 122,             0.02065,            0.026052,                   0,             0.88108,             0.94383,             0.95408,             0.70396,            0.021383,            0.035557,                   0,            0.006007,            0.006007,            0.006007
                 123,            0.022361,            0.026486,                   0,             0.87482,             0.95541,             0.96125,             0.72896,            0.019446,            0.034039,                   0,            0.005974,            0.005974,            0.005974
                 124,            0.021985,            0.027854,                   0,             0.87127,             0.95541,             0.96727,             0.69426,            0.023392,            0.035492,                   0,            0.005941,            0.005941,            0.005941
                 125,            0.022129,            0.026942,                   0,             0.88317,             0.94904,             0.97073,             0.74814,            0.019968,            0.034409,                   0,            0.005908,            0.005908,            0.005908
                 126,            0.020917,             0.02634,                   0,             0.87498,             0.94268,             0.96509,             0.70534,            0.024355,            0.036507,                   0,            0.005875,            0.005875,            0.005875
                 127,            0.022375,            0.026887,                   0,             0.90737,             0.93584,             0.94955,             0.70865,            0.022677,             0.03574,                   0,            0.005842,            0.005842,            0.005842
                 128,             0.02196,            0.028568,                   0,             0.89215,             0.94268,             0.95914,             0.74616,            0.019772,            0.035275,                   0,            0.005809,            0.005809,            0.005809
                 129,            0.022213,             0.02742,                   0,             0.88949,             0.92284,             0.96555,             0.71302,             0.02193,            0.036507,                   0,            0.005776,            0.005776,            0.005776
                 130,            0.020743,            0.026051,                   0,              0.9154,              0.9172,             0.96427,             0.69362,            0.022173,            0.036247,                   0,            0.005743,            0.005743,            0.005743
                 131,            0.021471,            0.025504,                   0,             0.91717,              0.9169,             0.96424,             0.65864,            0.025936,            0.037338,                   0,             0.00571,             0.00571,             0.00571
                 132,            0.022264,            0.026743,                   0,             0.89312,             0.96178,             0.96718,             0.74208,            0.019806,            0.033134,                   0,            0.005677,            0.005677,            0.005677
                 133,            0.021197,            0.023944,                   0,             0.90234,             0.94904,             0.96571,             0.73179,            0.020201,            0.034843,                   0,            0.005644,            0.005644,            0.005644
                 134,            0.019196,            0.026294,                   0,             0.89715,             0.93631,             0.97113,             0.73873,            0.020778,            0.034542,                   0,            0.005611,            0.005611,            0.005611
                 135,             0.02087,            0.025996,                   0,             0.89112,             0.93838,             0.97297,             0.71885,            0.021749,            0.034893,                   0,            0.005578,            0.005578,            0.005578
                 136,            0.020437,            0.026422,                   0,             0.89899,             0.94268,             0.96798,             0.74497,             0.01947,            0.033714,                   0,            0.005545,            0.005545,            0.005545
                 137,            0.021525,            0.025659,                   0,             0.88577,             0.93843,             0.96497,                0.66,            0.026285,            0.036499,                   0,            0.005512,            0.005512,            0.005512
                 138,            0.020081,            0.025961,                   0,             0.91297,             0.93543,             0.96924,              0.7345,            0.020265,            0.034756,                   0,            0.005479,            0.005479,            0.005479
                 139,             0.02119,            0.026194,                   0,               0.882,             0.95541,             0.96353,             0.73621,            0.019626,            0.035603,                   0,            0.005446,            0.005446,            0.005446
                 140,            0.020913,            0.025766,                   0,             0.90281,             0.94268,             0.96949,             0.71547,             0.02194,            0.035606,                   0,            0.005413,            0.005413,            0.005413
                 141,            0.020681,            0.027092,                   0,              0.8886,             0.95541,             0.96828,             0.73758,            0.019659,            0.033756,                   0,             0.00538,             0.00538,             0.00538
                 142,            0.020186,            0.026988,                   0,             0.87699,             0.96178,             0.96782,             0.69978,            0.023416,            0.036728,                   0,            0.005347,            0.005347,            0.005347
                 143,            0.020598,            0.025209,                   0,             0.91529,             0.94904,             0.97002,             0.72479,            0.021628,            0.035645,                   0,            0.005314,            0.005314,            0.005314
                 144,            0.020493,            0.026635,                   0,             0.88726,             0.95541,              0.9663,             0.74816,            0.019162,            0.034962,                   0,            0.005281,            0.005281,            0.005281
                 145,            0.020961,            0.026154,                   0,             0.89168,             0.94377,             0.97533,             0.73198,             0.02164,            0.034595,                   0,            0.005248,            0.005248,            0.005248
                 146,            0.019759,            0.025149,                   0,             0.88061,             0.94904,             0.96802,             0.74128,            0.019797,            0.036205,                   0,            0.005215,            0.005215,            0.005215
                 147,            0.019838,            0.027233,                   0,               0.919,             0.93631,              0.9743,             0.74556,            0.020005,            0.033798,                   0,            0.005182,            0.005182,            0.005182
                 148,            0.018919,            0.024007,                   0,             0.90765,             0.94268,             0.96956,             0.72399,            0.020308,             0.03495,                   0,            0.005149,            0.005149,            0.005149
                 149,            0.019669,            0.024804,                   0,              0.8899,             0.94904,             0.96301,             0.71757,            0.020181,            0.036354,                   0,            0.005116,            0.005116,            0.005116
                 150,            0.019433,            0.024113,                   0,             0.89928,             0.93631,               0.968,             0.73619,            0.019845,              0.0354,                   0,            0.005083,            0.005083,            0.005083
                 151,            0.019342,             0.02513,                   0,             0.89131,             0.94268,             0.97063,             0.73603,            0.020118,            0.035534,                   0,             0.00505,             0.00505,             0.00505
                 152,            0.020682,            0.025271,                   0,             0.90578,             0.91852,             0.96818,             0.74665,            0.019458,            0.034431,                   0,            0.005017,            0.005017,            0.005017
                 153,            0.019481,             0.02403,                   0,              0.9083,             0.94635,             0.97405,              0.7435,            0.020231,            0.034302,                   0,            0.004984,            0.004984,            0.004984
                 154,            0.019449,            0.026071,                   0,             0.87917,             0.95541,             0.97742,             0.72865,            0.021115,            0.033844,                   0,            0.004951,            0.004951,            0.004951
                 155,            0.019223,             0.02401,                   0,             0.89518,             0.94904,              0.9699,              0.7348,             0.02045,            0.034512,                   0,            0.004918,            0.004918,            0.004918
                 156,             0.01941,            0.024481,                   0,              0.8778,             0.96178,             0.97065,             0.74713,            0.019065,            0.033726,                   0,            0.004885,            0.004885,            0.004885
                 157,            0.018814,            0.023453,                   0,             0.87413,             0.97315,             0.97093,             0.72419,            0.020566,            0.035088,                   0,            0.004852,            0.004852,            0.004852
                 158,            0.017804,            0.022819,                   0,             0.88226,             0.95541,             0.96601,             0.71189,            0.021695,            0.035538,                   0,            0.004819,            0.004819,            0.004819
                 159,            0.018721,            0.024001,                   0,             0.87674,             0.96815,             0.96935,             0.73815,             0.02004,            0.033779,                   0,            0.004786,            0.004786,            0.004786
                 160,            0.019401,            0.025122,                   0,             0.88681,             0.94818,             0.97148,             0.74419,            0.019566,            0.035362,                   0,            0.004753,            0.004753,            0.004753
                 161,            0.019702,            0.025579,                   0,             0.86921,             0.97359,             0.97429,             0.75206,            0.019909,            0.034332,                   0,             0.00472,             0.00472,             0.00472
                 162,            0.017715,            0.022527,                   0,             0.86913,             0.97452,             0.97353,             0.75914,            0.019773,            0.033756,                   0,            0.004687,            0.004687,            0.004687
                 163,             0.01859,            0.025122,                   0,             0.85873,             0.96797,             0.96816,             0.75703,            0.019379,            0.034821,                   0,            0.004654,            0.004654,            0.004654
                 164,            0.019179,            0.024955,                   0,               0.892,             0.95541,             0.96712,             0.71829,            0.021968,            0.035873,                   0,            0.004621,            0.004621,            0.004621
                 165,            0.019347,            0.024818,                   0,             0.89445,             0.96178,             0.96001,             0.73611,            0.019531,            0.035351,                   0,            0.004588,            0.004588,            0.004588
                 166,            0.018531,            0.023363,                   0,             0.90465,             0.95541,              0.9616,             0.70264,            0.022437,            0.036087,                   0,            0.004555,            0.004555,            0.004555
                 167,            0.017884,            0.023688,                   0,             0.88283,             0.96815,             0.96734,             0.75019,            0.019674,            0.033604,                   0,            0.004522,            0.004522,            0.004522
                 168,            0.019186,            0.024753,                   0,             0.88729,             0.95541,             0.96633,             0.71656,            0.022072,            0.036148,                   0,            0.004489,            0.004489,            0.004489
                 169,            0.019677,            0.025173,                   0,             0.88181,             0.96178,             0.95975,             0.75552,            0.018939,            0.035255,                   0,            0.004456,            0.004456,            0.004456
                 170,            0.018169,            0.024976,                   0,             0.89038,             0.96815,             0.95853,             0.72433,             0.02046,            0.034203,                   0,            0.004423,            0.004423,            0.004423
                 171,            0.018933,            0.024083,                   0,             0.90715,             0.95541,             0.96446,             0.72798,            0.021338,             0.03537,                   0,             0.00439,             0.00439,             0.00439
                 172,            0.018451,            0.024785,                   0,             0.88179,             0.95541,             0.96253,             0.74122,            0.019323,            0.036091,                   0,            0.004357,            0.004357,            0.004357
                 173,            0.018155,            0.025286,                   0,              0.8975,             0.94268,             0.96692,             0.71673,             0.02181,            0.036179,                   0,            0.004324,            0.004324,            0.004324
                 174,             0.01817,            0.025425,                   0,             0.90097,             0.92717,             0.96345,             0.73845,            0.018989,            0.035728,                   0,            0.004291,            0.004291,            0.004291
                 175,            0.017116,            0.024318,                   0,             0.90048,             0.94268,             0.96446,             0.74183,            0.019401,            0.036339,                   0,            0.004258,            0.004258,            0.004258
                 176,            0.017421,            0.021654,                   0,             0.89073,             0.94904,             0.96391,              0.7437,            0.019611,            0.036053,                   0,            0.004225,            0.004225,            0.004225
                 177,            0.017911,            0.024478,                   0,             0.90643,             0.92558,             0.96414,             0.73253,            0.020178,             0.03804,                   0,            0.004192,            0.004192,            0.004192
                 178,            0.016838,            0.022574,                   0,             0.90626,             0.92369,             0.97149,              0.7544,            0.018915,            0.037285,                   0,            0.004159,            0.004159,            0.004159
                 179,            0.017427,            0.022548,                   0,             0.91118,             0.92994,             0.97488,             0.75979,            0.019267,             0.03558,                   0,            0.004126,            0.004126,            0.004126
                 180,            0.018039,            0.024001,                   0,             0.91682,             0.92357,             0.97724,              0.7649,            0.019332,            0.035076,                   0,            0.004093,            0.004093,            0.004093
                 181,            0.018181,            0.024345,                   0,             0.87398,             0.95541,             0.97288,             0.75684,             0.01957,            0.033951,                   0,             0.00406,             0.00406,             0.00406
                 182,            0.016955,            0.023117,                   0,             0.87804,             0.94268,             0.96818,             0.74272,            0.019749,            0.035553,                   0,            0.004027,            0.004027,            0.004027
                 183,            0.016508,            0.023145,                   0,             0.87619,             0.94658,             0.97169,             0.74833,            0.019321,            0.035461,                   0,            0.003994,            0.003994,            0.003994
                 184,            0.017566,            0.023687,                   0,             0.87856,             0.96769,             0.96923,             0.72767,            0.021538,            0.035789,                   0,            0.003961,            0.003961,            0.003961
                 185,            0.017882,            0.024172,                   0,             0.90205,             0.92994,             0.97558,             0.73677,            0.020381,            0.035492,                   0,            0.003928,            0.003928,            0.003928
                 186,             0.01688,            0.022329,                   0,             0.90512,             0.92357,             0.96794,             0.75524,            0.019499,            0.037354,                   0,            0.003895,            0.003895,            0.003895
                 187,            0.016337,            0.022755,                   0,             0.87612,             0.94904,             0.97074,             0.75701,            0.019154,            0.034248,                   0,            0.003862,            0.003862,            0.003862
                 188,            0.018746,            0.025606,                   0,              0.8836,             0.96702,             0.96998,             0.74139,             0.02043,            0.033302,                   0,            0.003829,            0.003829,            0.003829
                 189,            0.018058,            0.023114,                   0,             0.88369,             0.96782,             0.97027,             0.75612,            0.019204,            0.032974,                   0,            0.003796,            0.003796,            0.003796
                 190,            0.016652,            0.022389,                   0,             0.89913,             0.93631,             0.96878,             0.75851,            0.018856,            0.033909,                   0,            0.003763,            0.003763,            0.003763
                 191,            0.017718,            0.022371,                   0,             0.90368,             0.94268,             0.97567,             0.74634,            0.019679,            0.034615,                   0,             0.00373,             0.00373,             0.00373
                 192,            0.017797,            0.022631,                   0,             0.89737,             0.94268,             0.97638,             0.75113,            0.020015,            0.035027,                   0,            0.003697,            0.003697,            0.003697
                 193,            0.016849,            0.022113,                   0,              0.8881,             0.95541,             0.96668,             0.73341,            0.019992,            0.035339,                   0,            0.003664,            0.003664,            0.003664
                 194,              0.0176,            0.022856,                   0,             0.89181,             0.95541,              0.9698,             0.73965,            0.020231,            0.035393,                   0,            0.003631,            0.003631,            0.003631
                 195,            0.016444,             0.02424,                   0,             0.87734,             0.95669,             0.96871,             0.73082,            0.020945,            0.036636,                   0,            0.003598,            0.003598,            0.003598
                 196,            0.016912,            0.022879,                   0,             0.89658,             0.95541,             0.96506,             0.74689,            0.019851,             0.03537,                   0,            0.003565,            0.003565,            0.003565
                 197,            0.017084,            0.022957,                   0,             0.90791,             0.94197,             0.96647,             0.72601,             0.02132,            0.036388,                   0,            0.003532,            0.003532,            0.003532
                 198,            0.015913,             0.02312,                   0,             0.88017,             0.94904,             0.96404,             0.74719,            0.019715,            0.035477,                   0,            0.003499,            0.003499,            0.003499
                 199,            0.016546,            0.022815,                   0,             0.86353,              0.9673,             0.96527,             0.75331,            0.019277,            0.035812,                   0,            0.003466,            0.003466,            0.003466
                 200,            0.016322,            0.021472,                   0,             0.86245,             0.96815,             0.96805,             0.75197,            0.019515,             0.03529,                   0,            0.003433,            0.003433,            0.003433
                 201,            0.016572,             0.02212,                   0,             0.91144,             0.91773,             0.97338,             0.74532,            0.020379,            0.035301,                   0,              0.0034,              0.0034,              0.0034
                 202,             0.01632,            0.022368,                   0,             0.90548,             0.91522,             0.97308,             0.76152,            0.019062,            0.035378,                   0,            0.003367,            0.003367,            0.003367
                 203,            0.016305,             0.02292,                   0,             0.90023,             0.93631,             0.97264,             0.74962,            0.019766,            0.036106,                   0,            0.003334,            0.003334,            0.003334
                 204,            0.016189,            0.023004,                   0,             0.89978,             0.94268,             0.97283,             0.75739,            0.019323,            0.036919,                   0,            0.003301,            0.003301,            0.003301
                 205,             0.01726,            0.022645,                   0,             0.87652,             0.94948,             0.97166,             0.73043,            0.021524,            0.038475,                   0,            0.003268,            0.003268,            0.003268
                 206,            0.017035,            0.022857,                   0,             0.89636,             0.95541,             0.96919,             0.74795,            0.019696,            0.036575,                   0,            0.003235,            0.003235,            0.003235
                 207,            0.015954,            0.022581,                   0,             0.90815,             0.94904,             0.97375,             0.75046,            0.019597,            0.036514,                   0,            0.003202,            0.003202,            0.003202
                 208,            0.016964,            0.023937,                   0,             0.90247,             0.94297,             0.97013,             0.75728,            0.019536,            0.034885,                   0,            0.003169,            0.003169,            0.003169
                 209,             0.01602,            0.022058,                   0,             0.91388,             0.94632,             0.97021,             0.75096,            0.019532,            0.035442,                   0,            0.003136,            0.003136,            0.003136
                 210,            0.015323,            0.022106,                   0,             0.91213,             0.94904,             0.96337,             0.75338,            0.019908,            0.036354,                   0,            0.003103,            0.003103,            0.003103
                 211,             0.01643,            0.022834,                   0,             0.90793,             0.94904,             0.96389,              0.7495,            0.019802,            0.036331,                   0,             0.00307,             0.00307,             0.00307
                 212,            0.016218,            0.022315,                   0,             0.90565,             0.95541,             0.96584,             0.74036,            0.020628,             0.03611,                   0,            0.003037,            0.003037,            0.003037
                 213,            0.015826,            0.020579,                   0,             0.90724,             0.94268,             0.96226,              0.7383,            0.019944,            0.036057,                   0,            0.003004,            0.003004,            0.003004
                 214,            0.015336,            0.022823,                   0,             0.90244,             0.94904,             0.96589,             0.73861,            0.020558,            0.036209,                   0,            0.002971,            0.002971,            0.002971
                 215,            0.016062,            0.021265,                   0,             0.89002,             0.95541,             0.97073,             0.74455,            0.020751,            0.036407,                   0,            0.002938,            0.002938,            0.002938
                 216,             0.01621,            0.021814,                   0,             0.90279,             0.94644,             0.95888,             0.74457,            0.019692,            0.035934,                   0,            0.002905,            0.002905,            0.002905
                 217,            0.016145,            0.023046,                   0,             0.88238,             0.94904,             0.96063,             0.74301,            0.020072,              0.0364,                   0,            0.002872,            0.002872,            0.002872
                 218,            0.015529,            0.022132,                   0,             0.88525,             0.95541,             0.95903,             0.74098,            0.019733,             0.03566,                   0,            0.002839,            0.002839,            0.002839
                 219,            0.015488,            0.022239,                   0,             0.89222,             0.94905,              0.9641,             0.74558,            0.020048,             0.03598,                   0,            0.002806,            0.002806,            0.002806
                 220,             0.01514,            0.022226,                   0,             0.90202,             0.93631,             0.96135,             0.73356,            0.020831,             0.03759,                   0,            0.002773,            0.002773,            0.002773
                 221,            0.015514,             0.02253,                   0,             0.91834,             0.93631,             0.96858,               0.756,            0.019849,            0.036301,                   0,             0.00274,             0.00274,             0.00274
                 222,            0.015194,            0.020341,                   0,             0.90263,             0.94475,               0.966,              0.7421,            0.020307,            0.037247,                   0,            0.002707,            0.002707,            0.002707
                 223,            0.015612,            0.023775,                   0,             0.91855,             0.93377,             0.96875,             0.75215,             0.01958,            0.035477,                   0,            0.002674,            0.002674,            0.002674
                 224,            0.015671,            0.022962,                   0,             0.91866,             0.93519,             0.96707,             0.74644,            0.020186,            0.036835,                   0,            0.002641,            0.002641,            0.002641
                 225,            0.015419,            0.021746,                   0,             0.91831,             0.93083,             0.96615,             0.73973,            0.020445,            0.036789,                   0,            0.002608,            0.002608,            0.002608
                 226,            0.014959,            0.021496,                   0,             0.91318,             0.93787,             0.96688,             0.73557,            0.020236,            0.036781,                   0,            0.002575,            0.002575,            0.002575
                 227,            0.014855,            0.021077,                   0,             0.90665,             0.92994,             0.96152,             0.74113,            0.020359,            0.038483,                   0,            0.002542,            0.002542,            0.002542
                 228,            0.015112,            0.023376,                   0,             0.91799,             0.92689,              0.9576,             0.73726,            0.020723,            0.038742,                   0,            0.002509,            0.002509,            0.002509
                 229,            0.015095,            0.020288,                   0,              0.9203,             0.92357,             0.95718,             0.74097,             0.02011,            0.037296,                   0,            0.002476,            0.002476,            0.002476
                 230,            0.015354,             0.02333,                   0,             0.90224,             0.94057,             0.95912,             0.73596,            0.020323,              0.0369,                   0,            0.002443,            0.002443,            0.002443
                 231,            0.014321,            0.021824,                   0,             0.89201,             0.94703,             0.95865,             0.73632,             0.02036,            0.037678,                   0,             0.00241,             0.00241,             0.00241
                 232,            0.014725,            0.021008,                   0,              0.9052,             0.92357,               0.959,              0.7284,            0.020786,            0.038948,                   0,            0.002377,            0.002377,            0.002377
                 233,            0.014842,            0.020295,                   0,             0.89685,             0.94268,             0.95502,             0.72827,            0.020763,            0.039742,                   0,            0.002344,            0.002344,            0.002344
                 234,            0.014995,            0.020399,                   0,             0.90653,             0.92659,             0.96342,             0.73777,            0.019744,            0.038414,                   0,            0.002311,            0.002311,            0.002311
                 235,            0.014759,            0.022717,                   0,             0.89224,             0.94268,             0.96515,              0.7423,            0.020299,            0.037331,                   0,            0.002278,            0.002278,            0.002278
                 236,            0.015612,            0.022719,                   0,             0.88123,             0.95541,             0.96629,             0.75253,            0.019364,            0.036934,                   0,            0.002245,            0.002245,            0.002245
                 237,            0.015214,            0.021821,                   0,             0.86751,             0.96815,              0.9616,             0.74727,            0.019632,            0.037003,                   0,            0.002212,            0.002212,            0.002212
                 238,            0.014973,            0.020924,                   0,             0.87652,             0.96815,             0.96487,             0.75983,            0.019176,            0.035652,                   0,            0.002179,            0.002179,            0.002179
                 239,            0.015038,            0.020788,                   0,             0.89756,             0.94876,             0.96215,             0.75459,            0.019369,            0.036201,                   0,            0.002146,            0.002146,            0.002146
                 240,            0.014836,            0.021806,                   0,             0.89593,             0.95541,             0.96421,             0.74815,            0.019718,            0.036381,                   0,            0.002113,            0.002113,            0.002113
                 241,            0.014219,            0.020169,                   0,              0.9014,             0.93169,             0.96734,             0.75586,            0.019559,            0.036743,                   0,             0.00208,             0.00208,             0.00208
                 242,            0.014147,            0.020764,                   0,             0.87567,             0.95541,              0.9631,             0.73645,            0.020021,            0.037498,                   0,            0.002047,            0.002047,            0.002047
                 243,            0.014515,            0.019876,                   0,             0.87702,             0.95385,             0.96115,             0.75213,            0.019486,            0.037277,                   0,            0.002014,            0.002014,            0.002014
                 244,            0.014616,            0.020938,                   0,             0.90575,             0.91819,              0.9593,             0.74954,            0.019321,            0.037453,                   0,            0.001981,            0.001981,            0.001981
                 245,             0.01454,            0.021843,                   0,             0.89562,             0.92357,             0.95837,             0.74772,            0.019478,            0.037544,                   0,            0.001948,            0.001948,            0.001948
                 246,            0.014308,            0.021318,                   0,             0.90816,             0.92994,             0.95877,             0.74855,            0.019702,             0.03685,                   0,            0.001915,            0.001915,            0.001915
                 247,            0.014425,            0.020693,                   0,             0.91828,             0.92357,              0.9649,             0.75269,            0.019183,            0.036102,                   0,            0.001882,            0.001882,            0.001882
                 248,            0.014594,             0.02183,                   0,             0.88817,             0.94268,             0.96257,             0.75344,            0.019297,            0.036552,                   0,            0.001849,            0.001849,            0.001849
                 249,            0.014711,            0.021636,                   0,             0.88628,             0.94319,             0.96453,             0.75981,            0.019409,            0.036457,                   0,            0.001816,            0.001816,            0.001816
                 250,            0.014302,             0.02191,                   0,             0.91565,             0.93631,             0.96595,             0.75514,            0.019331,            0.037361,                   0,            0.001783,            0.001783,            0.001783
                 251,            0.014886,            0.021182,                   0,             0.92026,             0.93631,             0.96546,              0.7569,            0.019515,            0.038063,                   0,             0.00175,             0.00175,             0.00175
                 252,            0.014119,            0.020986,                   0,             0.90893,             0.93631,             0.96928,              0.7552,            0.019488,            0.037384,                   0,            0.001717,            0.001717,            0.001717
                 253,            0.014407,            0.020919,                   0,             0.89752,             0.93631,             0.97178,              0.7549,            0.019656,            0.037514,                   0,            0.001684,            0.001684,            0.001684
                 254,            0.014482,            0.021479,                   0,             0.90333,             0.92994,             0.96488,             0.75625,            0.019566,            0.037437,                   0,            0.001651,            0.001651,            0.001651
                 255,            0.014391,            0.020624,                   0,             0.89178,             0.94478,             0.96234,             0.74824,            0.019891,            0.036781,                   0,            0.001618,            0.001618,            0.001618
                 256,            0.014114,            0.021819,                   0,             0.89738,             0.94687,             0.96755,             0.74637,            0.019662,            0.036461,                   0,            0.001585,            0.001585,            0.001585
                 257,            0.014351,            0.020345,                   0,              0.8923,             0.94268,              0.9619,             0.74362,            0.019666,            0.038055,                   0,            0.001552,            0.001552,            0.001552
                 258,            0.013896,            0.021351,                   0,               0.908,             0.92357,             0.95891,             0.74653,                0.02,            0.038712,                   0,            0.001519,            0.001519,            0.001519
                 259,            0.014135,            0.021088,                   0,              0.9024,             0.94268,             0.96049,             0.74578,            0.019634,            0.038712,                   0,            0.001486,            0.001486,            0.001486
                 260,            0.013922,            0.020333,                   0,             0.91861,             0.93457,             0.96565,             0.74913,            0.019671,            0.038528,                   0,            0.001453,            0.001453,            0.001453
                 261,            0.013995,            0.021343,                   0,             0.91504,             0.93631,             0.97278,             0.75706,            0.019601,            0.037163,                   0,             0.00142,             0.00142,             0.00142
                 262,            0.014263,            0.020482,                   0,             0.90582,             0.94904,             0.97369,             0.75294,            0.019764,            0.036896,                   0,            0.001387,            0.001387,            0.001387
                 263,            0.013608,            0.019391,                   0,             0.90473,             0.94904,             0.96914,             0.75106,            0.019655,            0.036949,                   0,            0.001354,            0.001354,            0.001354
                 264,            0.014165,            0.021341,                   0,             0.92113,             0.93631,              0.9696,             0.75247,            0.019472,            0.036346,                   0,            0.001321,            0.001321,            0.001321
                 265,            0.013857,            0.020938,                   0,             0.92432,             0.93354,             0.96957,             0.75003,            0.019211,            0.036575,                   0,            0.001288,            0.001288,            0.001288
                 266,            0.014026,             0.02174,                   0,             0.90346,             0.94268,             0.96567,             0.74406,            0.019454,            0.036957,                   0,            0.001255,            0.001255,            0.001255
                 267,            0.013945,            0.020105,                   0,             0.91449,             0.92357,             0.95668,             0.73953,            0.019478,            0.038155,                   0,            0.001222,            0.001222,            0.001222
                 268,            0.014068,            0.020616,                   0,             0.88891,             0.94904,             0.95602,             0.73509,            0.019992,            0.038277,                   0,            0.001189,            0.001189,            0.001189
                 269,            0.013609,            0.019431,                   0,             0.89745,             0.94268,             0.95802,             0.74171,            0.019481,            0.037231,                   0,            0.001156,            0.001156,            0.001156
                 270,             0.01376,            0.020222,                   0,             0.91274,             0.93631,             0.95609,             0.74174,            0.019517,            0.038681,                   0,            0.001123,            0.001123,            0.001123
                 271,            0.013521,            0.019752,                   0,             0.90981,             0.94904,             0.95651,             0.74239,            0.019403,            0.038261,                   0,             0.00109,             0.00109,             0.00109
                 272,            0.013129,            0.019727,                   0,             0.90602,             0.94268,             0.95988,              0.7516,            0.019008,            0.037254,                   0,            0.001057,            0.001057,            0.001057
                 273,             0.01418,            0.020652,                   0,              0.9128,             0.93631,             0.95881,             0.74945,            0.019452,            0.036629,                   0,            0.001024,            0.001024,            0.001024
                 274,            0.013538,            0.020058,                   0,             0.89708,             0.94378,             0.96473,             0.74972,            0.019476,            0.036549,                   0,            0.000991,            0.000991,            0.000991
                 275,            0.013656,            0.019822,                   0,             0.89049,             0.94904,             0.96651,             0.74959,            0.019487,            0.037292,                   0,            0.000958,            0.000958,            0.000958
                 276,            0.013344,              0.0197,                   0,             0.90247,             0.94904,             0.96815,              0.7503,            0.019573,            0.036938,                   0,            0.000925,            0.000925,            0.000925
                 277,            0.013529,            0.020051,                   0,             0.91406,             0.94845,             0.97039,             0.75253,            0.019733,            0.037346,                   0,            0.000892,            0.000892,            0.000892
                 278,            0.013584,            0.019769,                   0,             0.89871,             0.94904,             0.97431,             0.75599,            0.019654,            0.037441,                   0,            0.000859,            0.000859,            0.000859
                 279,            0.013455,            0.020438,                   0,             0.89705,             0.94904,             0.97139,             0.75358,             0.01973,            0.036652,                   0,            0.000826,            0.000826,            0.000826
                 280,            0.013303,             0.01875,                   0,             0.90749,             0.93726,             0.96829,             0.75577,            0.019603,            0.035763,                   0,            0.000793,            0.000793,            0.000793
